ダウンロードした時刻：2019/11/19 11:05:18,,,,,,,,,,,,,
,,,,,,,,,,,,,
,函館,函館,函館,函館,函館,函館,函館,函館,函館,函館,函館,函館,函館
年月日,平均気温(℃),平均気温(℃),平均気温(℃),最高気温(℃),最高気温(℃),最高気温(℃),最低気温(℃),最低気温(℃),最低気温(℃),降雪量合計(cm),降雪量合計(cm),降雪量合計(cm),降雪量合計(cm)
,,,,,,,,,,,,,
,,品質情報,均質番号,,品質情報,均質番号,,品質情報,均質番号,,現象なし情報,品質情報,均質番号
2017/11/18,5.4,8,1,8.3,8,1,0.9,8,1,0,1,8,1
2017/11/19,-1.7,8,1,0.9,8,1,-5,8,1,9,0,8,1
2017/11/20,-2.4,8,1,0.5,8,1,-4.8,8,1,8,0,8,1
2017/11/21,-1.3,8,1,0.4,8,1,-3,8,1,0,1,8,1
2017/11/22,5.6,8,1,9.1,8,1,-1.6,8,1,0,1,8,1
2017/11/23,5,8,1,8.6,8,1,-0.6,8,1,0,1,8,1
2017/11/24,-1.1,8,1,0.9,8,1,-2.3,8,1,26,0,8,1
2017/11/25,-1.5,8,1,0.5,8,1,-3.3,8,1,9,0,8,1
2017/11/26,2,8,1,4.5,8,1,-1.8,8,1,1,0,8,1
2017/11/27,-1.1,8,1,2.3,8,1,-4.1,8,1,2,0,8,1
2017/11/28,5.2,8,1,10.8,8,1,-0.9,8,1,0,1,8,1
2017/11/29,7,8,1,12.7,8,1,-1.8,8,1,0,1,8,1
2017/11/30,-2.6,8,1,-1.3,8,1,-4.4,8,1,0,1,8,1
2017/12/1,-4.5,8,1,-1.9,8,1,-6.1,8,1,5,0,8,1
2017/12/2,-2.9,8,1,-0.4,8,1,-6.1,8,1,8,0,8,1
2017/12/3,1.3,8,1,5.4,8,1,-3.1,8,1,0,1,8,1
2017/12/4,1.1,8,1,4.3,8,1,-1.8,8,1,0,1,8,1
2017/12/5,-0.8,8,1,1.6,8,1,-3.7,8,1,6,0,8,1
2017/12/6,-4.1,8,1,-2.8,8,1,-5.8,8,1,17,0,8,1
2017/12/7,-3.1,8,1,-1.2,8,1,-5.9,8,1,0,1,8,1
2017/12/8,-3.4,8,1,-0.7,8,1,-7.8,8,1,5,0,8,1
2017/12/9,-4,8,1,-1.1,8,1,-7.7,8,1,6,0,8,1
2017/12/10,0.6,8,1,4.2,8,1,-3.6,8,1,0,1,8,1
2017/12/11,3.9,8,1,7.7,8,1,-2.2,8,1,0,1,8,1
2017/12/12,-3.5,8,1,-0.3,8,1,-5.1,8,1,37,0,8,1
2017/12/13,-2.4,8,1,-0.9,8,1,-4.5,8,1,6,0,8,1
2017/12/14,0.7,8,1,4.5,8,1,-3.1,8,1,0,1,8,1
2017/12/15,0.8,8,1,2.9,8,1,-2.8,8,1,0,1,8,1
2017/12/16,-0.9,8,1,1.7,8,1,-5.4,8,1,10,0,8,1
2017/12/17,-4.8,8,1,-2,8,1,-6.9,8,1,2,0,8,1
2017/12/18,-2.8,8,1,-0.6,8,1,-7.3,8,1,15,0,8,1
2017/12/19,-3.7,8,1,-1.5,8,1,-6,8,1,3,0,8,1
2017/12/20,-3.7,8,1,-1.5,8,1,-5.6,8,1,5,0,8,1
2017/12/21,0,8,1,3.4,8,1,-4.1,8,1,1,0,8,1
2017/12/22,2.8,8,1,5.9,8,1,0.8,8,1,0,1,8,1
2017/12/23,3,8,1,6.7,8,1,1.1,8,1,0,1,8,1
2017/12/24,3.6,8,1,7.7,8,1,-1.8,8,1,0,1,8,1
2017/12/25,2.1,8,1,8.9,8,1,-4.3,8,1,9,0,8,1
2017/12/26,-5.3,8,1,-3.2,8,1,-7.2,8,1,8,0,8,1
2017/12/27,-6.3,8,1,-5.3,8,1,-7.2,8,1,9,0,8,1
2017/12/28,-2.7,8,1,-1.2,8,1,-6.3,8,1,0,1,8,1
2017/12/29,-3.9,8,1,-2,8,1,-7.5,8,1,3,0,8,1
2017/12/30,-2.6,8,1,3.1,8,1,-7.9,8,1,0,1,8,1
2017/12/31,1.3,8,1,5.9,8,1,-5.2,8,1,0,1,8,1
2018/1/1,4.3,8,1,6.4,8,1,2.3,8,1,1,0,8,1
2018/1/2,1.6,8,1,4.7,8,1,-2.4,8,1,4,0,8,1
2018/1/3,-0.4,8,1,4.1,8,1,-5.6,8,1,1,0,8,1
2018/1/4,0.4,8,1,3.5,8,1,-1.6,8,1,0,1,8,1
2018/1/5,0.7,8,1,1.7,8,1,-0.7,8,1,0,1,8,1
2018/1/6,-0.6,8,1,1.8,8,1,-2.8,8,1,2,0,8,1
2018/1/7,-1.2,8,1,2.4,8,1,-5.7,8,1,2,0,8,1
2018/1/8,3.5,8,1,5.9,8,1,1.3,8,1,0,1,8,1
2018/1/9,3.9,8,1,6.9,8,1,-1,8,1,2,0,8,1
2018/1/10,-2.2,8,1,-0.1,8,1,-5.5,8,1,6,0,8,1
2018/1/11,-1.5,8,1,0.4,8,1,-3.7,8,1,1,0,8,1
2018/1/12,-2.1,8,1,1.4,8,1,-6.3,8,1,41,0,8,1
2018/1/13,-4.7,8,1,0.4,8,1,-9.4,8,1,0,1,8,1
2018/1/14,-3.3,8,1,0.3,8,1,-9.8,8,1,0,1,8,1
2018/1/15,2.2,8,1,4.8,8,1,-0.9,8,1,0,1,8,1
2018/1/16,0,8,1,1.3,8,1,-1.4,8,1,1,0,8,1
2018/1/17,1,8,1,3.7,8,1,-2.6,8,1,0,1,8,1
2018/1/18,3.1,8,1,6.3,8,1,-0.3,8,1,1,0,8,1
2018/1/19,-1.2,8,1,0.5,8,1,-4,8,1,0,1,8,1
2018/1/20,-0.9,8,1,1.6,8,1,-4.8,8,1,4,0,8,1
2018/1/21,-4.7,8,1,0.3,8,1,-9.1,8,1,3,0,8,1
2018/1/22,-5.1,8,1,-0.5,8,1,-10.3,8,1,2,0,8,1
2018/1/23,-0.1,8,1,3.5,8,1,-5.5,8,1,6,0,8,1
2018/1/24,-8.1,8,1,-4.9,8,1,-12.1,8,1,14,0,8,1
2018/1/25,-8.1,8,1,-4.3,8,1,-13.7,8,1,8,0,8,1
2018/1/26,-5.4,8,1,-1.3,8,1,-7.8,8,1,3,0,8,1
2018/1/27,-5.8,8,1,-1.5,8,1,-11,8,1,1,0,8,1
2018/1/28,-2.9,8,1,-1.3,8,1,-4.6,8,1,20,0,8,1
2018/1/29,-6.8,8,1,-4.1,8,1,-9.9,8,1,0,1,8,1
2018/1/30,-7.5,8,1,-4.9,8,1,-11.5,8,1,4,0,8,1
2018/1/31,-4.2,8,1,-0.8,8,1,-7.6,8,1,4,0,8,1
2018/2/1,-4.7,8,1,-0.8,8,1,-8.3,8,1,0,1,8,1
2018/2/2,-2.9,8,1,0.7,8,1,-9,8,1,2,0,8,1
2018/2/3,0.3,8,1,1.1,8,1,-1.9,8,1,3,0,8,1
2018/2/4,1.3,8,1,3.9,8,1,-0.1,8,1,18,0,8,1
2018/2/5,-0.5,8,1,1.9,8,1,-3.7,8,1,4,0,8,1
2018/2/6,-2.5,8,1,0.3,8,1,-6.5,8,1,21,0,8,1
2018/2/7,-3.7,8,1,0.1,8,1,-9.5,8,1,0,1,8,1
2018/2/8,-3.5,8,1,1.5,8,1,-7.7,8,1,1,0,8,1
2018/2/9,-2,8,1,1.7,8,1,-4.9,8,1,3,0,8,1
2018/2/10,2.3,8,1,4.2,8,1,-1.8,8,1,0,1,8,1
2018/2/11,-1.8,8,1,2.8,8,1,-7.2,8,1,4,0,8,1
2018/2/12,-8.2,8,1,-5.8,8,1,-9.4,8,1,18,0,8,1
2018/2/13,-7.3,8,1,-5.7,8,1,-9.3,8,1,10,0,8,1
2018/2/14,-2.9,8,1,-0.5,8,1,-7.4,8,1,11,0,8,1
2018/2/15,-4.1,8,1,-1.7,8,1,-5.6,8,1,6,0,8,1
2018/2/16,-3.1,8,1,0.5,8,1,-5.4,8,1,3,0,8,1
2018/2/17,-2.1,8,1,1.1,8,1,-5.5,8,1,10,0,8,1
2018/2/18,-4.9,8,1,-0.8,8,1,-9.5,8,1,0,1,8,1
2018/2/19,-4.5,8,1,-1.5,8,1,-8.8,8,1,7,0,8,1
2018/2/20,-5.1,8,1,-1.8,8,1,-10.1,8,1,8,0,8,1
2018/2/21,-6.2,8,1,-2.8,8,1,-9.3,8,1,0,1,8,1
2018/2/22,-4,8,1,0.9,8,1,-11.9,8,1,0,1,8,1
2018/2/23,0.1,8,1,4.1,8,1,-3.5,8,1,10,0,8,1
2018/2/24,-4.3,8,1,-1.1,8,1,-7.8,8,1,1,0,8,1
2018/2/25,-5.5,8,1,-2.8,8,1,-9.1,8,1,2,0,8,1
2018/2/26,-4.7,8,1,-0.3,8,1,-8.9,8,1,0,1,8,1
2018/2/27,-4,8,1,0.7,8,1,-11.4,8,1,1,0,8,1
2018/2/28,-2,8,1,2.1,8,1,-7.2,8,1,0,1,8,1
2018/3/1,2.3,8,1,4.2,8,1,0,8,1,1,0,8,1
2018/3/2,-1.4,8,1,3.5,8,1,-3.2,8,1,12,0,8,1
2018/3/3,3.2,8,1,6.7,8,1,-0.8,8,1,0,1,8,1
2018/3/4,5.4,8,1,7.5,8,1,1.6,8,1,0,1,8,1
2018/3/5,-1.2,8,1,1.7,8,1,-3.2,8,1,8,0,8,1
2018/3/6,-5.1,8,1,-0.8,8,1,-9.2,8,1,3,0,8,1
2018/3/7,-4,8,1,-0.2,8,1,-7.8,8,1,0,1,8,1
2018/3/8,3.8,8,1,6,8,1,-2.1,8,1,0,1,8,1
2018/3/9,4.7,8,1,7.8,8,1,0.9,8,1,0,1,8,1
2018/3/10,1,8,1,4.7,8,1,-2,8,1,0,1,8,1
2018/3/11,1.1,8,1,3.3,8,1,-2.3,8,1,2,0,8,1
2018/3/12,1.4,8,1,3.9,8,1,-1,8,1,0,1,8,1
2018/3/13,4.9,8,1,9.5,8,1,-1.6,8,1,0,1,8,1
2018/3/14,6.3,8,1,10,8,1,1.7,8,1,0,1,8,1
2018/3/15,8.2,8,1,13.6,8,1,3.2,8,1,0,1,8,1
2018/3/16,0.7,8,1,3.3,8,1,-3.4,8,1,0,1,8,1
2018/3/17,-0.3,8,1,4,8,1,-6.2,8,1,0,1,8,1
2018/3/18,4.5,8,1,8.2,8,1,-0.4,8,1,0,1,8,1
2018/3/19,3.2,8,1,7.5,8,1,-2.4,8,1,0,1,8,1
2018/3/20,-1,8,1,3,8,1,-4.7,8,1,0,1,8,1
2018/3/21,0.2,8,1,4.4,8,1,-6.1,8,1,0,1,8,1
2018/3/22,3.3,8,1,5.1,8,1,0.9,8,1,0,1,8,1
2018/3/23,4.3,8,1,8.4,8,1,0.9,8,1,0,1,8,1
2018/3/24,5.5,8,1,9.5,8,1,-0.1,8,1,0,1,8,1
2018/3/25,7.3,8,1,11.5,8,1,4.1,8,1,0,1,8,1
2018/3/26,8.5,8,1,13.8,8,1,2.5,8,1,0,1,8,1
2018/3/27,7.2,8,1,13.2,8,1,1.6,8,1,0,1,8,1
2018/3/28,11,8,1,16.6,8,1,4.4,8,1,0,1,8,1
2018/3/29,9,8,1,14.5,8,1,2.7,8,1,0,1,8,1
2018/3/30,4.7,8,1,10,8,1,-0.5,8,1,0,1,8,1
2018/3/31,6.7,8,1,12.3,8,1,0.5,8,1,0,1,8,1
2018/4/1,6.2,8,1,10.1,8,1,4.2,8,1,0,1,8,1
2018/4/2,5.9,8,1,7.6,8,1,4.1,8,1,0,1,8,1
2018/4/3,9.1,8,1,13.8,8,1,5.2,8,1,0,1,8,1
2018/4/4,3.7,8,1,7.2,8,1,1.5,8,1,0,1,8,1
2018/4/5,3.1,8,1,6.2,8,1,0,8,1,0,1,8,1
2018/4/6,2,8,1,3.1,8,1,1,8,1,0,1,8,1
2018/4/7,3.1,8,1,6.2,8,1,1,8,1,0,1,8,1
2018/4/8,3.9,8,1,8.4,8,1,0.1,8,1,0,1,8,1
2018/4/9,4.1,8,1,9.4,8,1,0,8,1,0,1,8,1
2018/4/10,5.8,8,1,11.4,8,1,-0.8,8,1,0,1,8,1
2018/4/11,9,8,1,13.6,8,1,5.8,8,1,0,1,8,1
2018/4/12,8.8,8,1,14.7,8,1,3.9,8,1,0,1,8,1
2018/4/13,5.6,8,1,10,8,1,1.8,8,1,0,1,8,1
2018/4/14,5.2,8,1,9.2,8,1,0.3,8,1,0,1,8,1
2018/4/15,6.1,8,1,8.1,8,1,4.6,8,1,0,1,8,1
2018/4/16,6.7,8,1,11.2,8,1,3.5,8,1,0,1,8,1
2018/4/17,8.8,8,1,13.9,8,1,4,8,1,0,1,8,1
2018/4/18,8.9,8,1,14.3,8,1,2.8,8,1,0,1,8,1
2018/4/19,11.3,8,1,15.1,8,1,6.4,8,1,0,1,8,1
2018/4/20,11.8,8,1,18,8,1,8,8,1,0,1,8,1
2018/4/21,14.2,8,1,20.9,8,1,9.1,8,1,0,1,8,1
2018/4/22,11.6,8,1,17.7,8,1,7,8,1,0,1,8,1
2018/4/23,9.2,8,1,13.9,8,1,4.1,8,1,0,1,8,1
2018/4/24,8.2,8,1,9,8,1,7.4,8,1,0,1,8,1
2018/4/25,7.9,8,1,9.2,8,1,6.6,8,1,0,1,8,1
2018/4/26,10.4,8,1,15.1,8,1,6.8,8,1,0,1,8,1
2018/4/27,9.8,8,1,15.8,8,1,4.6,8,1,0,1,8,1
2018/4/28,8.8,8,1,14.6,8,1,1.1,8,1,0,1,8,1
2018/4/29,14.4,8,1,20.4,8,1,6.2,8,1,0,1,8,1
2018/4/30,16.9,8,1,22.7,8,1,10.2,8,1,0,1,8,1
2018/5/1,13.7,8,1,18.6,8,1,9.2,8,1,0,1,8,1
2018/5/2,10.1,8,1,14.5,8,1,7.8,8,1,0,1,8,1
2018/5/3,9.9,8,1,12.4,8,1,7.8,8,1,0,1,8,1
2018/5/4,9.8,8,1,13.6,8,1,7.2,8,1,0,1,8,1
2018/5/5,8.5,8,1,11.4,8,1,6.4,8,1,0,1,8,1
2018/5/6,9,8,1,11.2,8,1,5.8,8,1,0,1,8,1
2018/5/7,10.9,8,1,15.9,8,1,5.8,8,1,0,1,8,1
2018/5/8,8.8,8,1,12.5,8,1,6.2,8,1,0,1,8,1
2018/5/9,7.2,8,1,8.8,8,1,5.8,8,1,0,1,8,1
2018/5/10,8.5,8,1,11.2,8,1,6.1,8,1,0,1,8,1
2018/5/11,11.5,8,1,15.8,8,1,7.6,8,1,0,1,8,1
2018/5/12,13.7,8,1,19.3,8,1,6.7,8,1,0,1,8,1
2018/5/13,13.4,8,1,16.6,8,1,10.9,8,1,0,1,8,1
2018/5/14,13.5,8,1,19.5,8,1,10,8,1,0,1,8,1
2018/5/15,15,8,1,21.7,8,1,9.1,8,1,0,1,8,1
2018/5/16,17.9,8,1,24.3,8,1,11.6,8,1,0,1,8,1
2018/5/17,15.7,8,1,19.1,8,1,13,8,1,0,1,8,1
2018/5/18,8.4,8,1,13,8,1,6.5,8,1,0,1,8,1
2018/5/19,8.7,8,1,10.3,8,1,6.9,8,1,0,1,8,1
2018/5/20,13.5,8,1,20.7,8,1,4.9,8,1,0,1,8,1
2018/5/21,14.2,8,1,20.7,8,1,7.6,8,1,0,1,8,1
2018/5/22,15.7,8,1,23,8,1,9.4,8,1,0,1,8,1
2018/5/23,15.5,8,1,22,8,1,10.4,8,1,0,1,8,1
2018/5/24,15.2,8,1,19.6,8,1,11.7,8,1,0,1,8,1
2018/5/25,14,8,1,18.9,8,1,10.4,8,1,0,1,8,1
2018/5/26,13.3,8,1,18.9,8,1,7,8,1,0,1,8,1
2018/5/27,12.1,8,1,16,8,1,6.9,8,1,0,1,8,1
2018/5/28,13.7,8,1,18.1,8,1,9.7,8,1,0,1,8,1
2018/5/29,14.6,8,1,21,8,1,8.2,8,1,0,1,8,1
2018/5/30,15.9,8,1,21.7,8,1,11.8,8,1,0,1,8,1
2018/5/31,16.7,8,1,22.6,8,1,13.8,8,1,0,1,8,1
2018/6/1,16.1,8,1,21,8,1,11.4,8,1,0,1,8,1
2018/6/2,15.9,8,1,19.9,8,1,11.2,8,1,0,1,8,1
2018/6/3,18.3,8,1,25.3,8,1,12.6,8,1,0,1,8,1
2018/6/4,19.3,8,1,25.2,8,1,12.4,8,1,0,1,8,1
2018/6/5,17.9,8,1,24.8,8,1,14.7,8,1,0,1,8,1
2018/6/6,19.3,8,1,26,8,1,14.1,8,1,0,1,8,1
2018/6/7,19.5,8,1,24.5,8,1,13.4,8,1,0,1,8,1
2018/6/8,18.4,8,1,20.7,8,1,16.4,8,1,0,1,8,1
2018/6/9,12.8,8,1,16.5,8,1,8.9,8,1,0,1,8,1
2018/6/10,12.7,8,1,16.6,8,1,7.4,8,1,0,1,8,1
2018/6/11,13.7,8,1,14.8,8,1,12.3,8,1,0,1,8,1
2018/6/12,12.1,8,1,14.4,8,1,10.7,8,1,0,1,8,1
2018/6/13,11.6,8,1,15,8,1,9.1,8,1,0,1,8,1
2018/6/14,12.2,8,1,16.9,8,1,8.1,8,1,0,1,8,1
2018/6/15,11.8,8,1,16.5,8,1,6.4,8,1,0,1,8,1
2018/6/16,12.1,8,1,16.7,8,1,9.9,8,1,0,1,8,1
2018/6/17,12.4,8,1,15.5,8,1,10,8,1,0,1,8,1
2018/6/18,15.4,8,1,19.7,8,1,12.1,8,1,0,1,8,1
2018/6/19,17,8,1,24.3,8,1,11.7,8,1,0,1,8,1
2018/6/20,17.2,5,1,20.2,5,1,15.5,8,1,0,1,8,1
2018/6/21,16.2,8,1,17.8,8,1,15.1,8,1,0,1,8,1
2018/6/22,18.2,8,1,22.7,8,1,15,8,1,0,1,8,1
2018/6/23,20,8,1,24.9,8,1,13.4,8,1,0,1,8,1
2018/6/24,18.4,8,1,23.2,8,1,14.6,8,1,0,1,8,1
2018/6/25,16.2,8,1,21.5,8,1,11.2,8,1,0,1,8,1
2018/6/26,14.8,8,1,18.1,8,1,9.9,8,1,0,1,8,1
2018/6/27,17.4,8,1,20.9,8,1,14,8,1,0,1,8,1
2018/6/28,19.4,8,1,23.6,8,1,16.7,8,1,0,1,8,1
2018/6/29,20.4,8,1,22.5,8,1,18.8,8,1,0,1,8,1
2018/6/30,21.7,8,1,25.7,8,1,18.7,8,1,0,1,8,1
2018/7/1,21,8,1,23.9,8,1,19.3,8,1,0,1,8,1
2018/7/2,24,8,1,28,8,1,20.7,8,1,0,1,8,1
2018/7/3,22.1,8,1,27,8,1,19.9,8,1,0,1,8,1
2018/7/4,21,8,1,24.6,8,1,16.2,8,1,0,1,8,1
2018/7/5,16,8,1,20.1,8,1,14.5,8,1,0,1,8,1
2018/7/6,14.2,8,1,16.1,8,1,12.6,8,1,0,1,8,1
2018/7/7,13,8,1,14,8,1,12.4,8,1,0,1,8,1
2018/7/8,15,8,1,17,8,1,12.8,8,1,0,1,8,1
2018/7/9,15.6,8,1,17.2,8,1,14.1,8,1,0,1,8,1
2018/7/10,18,8,1,21.7,8,1,16,8,1,0,1,8,1
2018/7/11,21.8,8,1,28.8,8,1,16.9,8,1,0,1,8,1
2018/7/12,18.8,8,1,21.3,8,1,15.5,8,1,0,1,8,1
2018/7/13,20.3,8,1,23.6,8,1,18.4,8,1,0,1,8,1
2018/7/14,22.2,8,1,27.1,8,1,18.9,8,1,0,1,8,1
2018/7/15,22.2,8,1,26.3,8,1,19.9,8,1,0,1,8,1
2018/7/16,23,8,1,27.3,8,1,20.3,8,1,0,1,8,1
2018/7/17,21.8,8,1,23.3,8,1,20.9,8,1,0,1,8,1
2018/7/18,20.5,8,1,23.8,8,1,18.7,8,1,0,1,8,1
2018/7/19,20.8,8,1,24.4,8,1,18.8,8,1,0,1,8,1
2018/7/20,22.8,8,1,27,8,1,20.3,8,1,0,1,8,1
2018/7/21,24.3,8,1,28.6,8,1,21,8,1,0,1,8,1
2018/7/22,24,8,1,27.9,8,1,21,8,1,0,1,8,1
2018/7/23,20.8,8,1,22.7,8,1,19.5,8,1,0,1,8,1
2018/7/24,22.5,8,1,25.7,8,1,18.9,8,1,0,1,8,1
2018/7/25,22.9,8,1,26.7,8,1,19.4,8,1,0,1,8,1
2018/7/26,24,8,1,28.5,8,1,19.8,8,1,0,1,8,1
2018/7/27,23.5,8,1,29.9,8,1,18.9,8,1,0,1,8,1
2018/7/28,23.7,8,1,27.8,8,1,20.2,8,1,0,1,8,1
2018/7/29,25.1,8,1,28.7,8,1,22.9,8,1,0,1,8,1
2018/7/30,26,8,1,30.5,8,1,22.6,8,1,0,1,8,1
2018/7/31,25.8,8,1,30.4,8,1,21.7,8,1,0,1,8,1
2018/8/1,25.8,8,1,30.3,8,1,20.3,8,1,0,1,8,1
2018/8/2,24.7,8,1,30.5,8,1,19.2,8,1,0,1,8,1
2018/8/3,24.1,8,1,30.3,8,1,18.1,8,1,0,1,8,1
2018/8/4,20.7,8,1,23.1,8,1,17.9,8,1,0,1,8,1
2018/8/5,18.4,8,1,20.2,8,1,17.5,8,1,0,1,8,1
2018/8/6,18.9,8,1,22.8,8,1,16.7,8,1,0,1,8,1
2018/8/7,18.3,8,1,21.2,8,1,16.9,8,1,0,1,8,1
2018/8/8,18.3,8,1,21.1,8,1,17.2,8,1,0,1,8,1
2018/8/9,20.7,8,1,24.6,8,1,18,8,1,0,1,8,1
2018/8/10,21.7,8,1,25.7,8,1,19.4,8,1,0,1,8,1
2018/8/11,21.2,8,1,25.2,8,1,18.6,8,1,0,1,8,1
2018/8/12,22,8,1,26.3,8,1,18.6,8,1,0,1,8,1
2018/8/13,23.4,8,1,27.8,8,1,18.4,8,1,0,1,8,1
2018/8/14,22.6,8,1,24.5,8,1,21,8,1,0,1,8,1
2018/8/15,22.3,8,1,24.2,8,1,21,8,1,0,1,8,1
2018/8/16,18.6,8,1,21.5,8,1,15.8,8,1,0,1,8,1
2018/8/17,17.1,8,1,21.6,8,1,13.4,8,1,0,1,8,1
2018/8/18,17.9,8,1,23.8,8,1,11.4,8,1,0,1,8,1
2018/8/19,18.9,8,1,22,8,1,15.4,8,1,0,1,8,1
2018/8/20,21.4,8,1,26.3,8,1,14.9,8,1,0,1,8,1
2018/8/21,21.9,8,1,25.8,8,1,19,8,1,0,1,8,1
2018/8/22,24.1,8,1,28.1,8,1,20.9,8,1,0,1,8,1
2018/8/23,25.9,8,1,30.9,8,1,22.1,8,1,0,1,8,1
2018/8/24,23.1,8,1,27,8,1,20.6,8,1,0,1,8,1
2018/8/25,22.4,8,1,26.5,8,1,20.1,8,1,0,1,8,1
2018/8/26,22.4,8,1,26,8,1,20.3,8,1,0,1,8,1
2018/8/27,21.1,8,1,24.8,8,1,18.9,8,1,0,1,8,1
2018/8/28,19.7,8,1,22.5,8,1,17.7,8,1,0,1,8,1
2018/8/29,19.3,8,1,23.6,8,1,17.4,8,1,0,1,8,1
2018/8/30,21.5,8,1,23.3,8,1,18.9,8,1,0,1,8,1
2018/8/31,22.3,8,1,25.1,8,1,20.2,8,1,0,1,8,1
2018/9/1,21.1,8,1,25.3,8,1,17.8,8,1,0,1,8,1
2018/9/2,20.2,8,1,25,8,1,15,8,1,0,1,8,1
2018/9/3,21.5,8,1,24.5,8,1,18.8,8,1,0,1,8,1
2018/9/4,21.9,8,1,24.1,8,1,19.9,8,1,0,1,8,1
2018/9/5,23.8,8,1,26.2,8,1,19.4,8,1,0,1,8,1
2018/9/6,23.2,8,1,27.6,8,1,20.2,8,1,0,1,8,1
2018/9/7,22.1,8,1,24.8,8,1,19.8,8,1,0,1,8,1
2018/9/8,20.7,8,1,24.2,8,1,16.8,8,1,0,1,8,1
2018/9/9,17,8,1,19.5,8,1,15.2,8,1,0,1,8,1
2018/9/10,14.6,8,1,16.6,8,1,11.6,8,1,0,1,8,1
2018/9/11,16,8,1,22,8,1,9.9,8,1,0,1,8,1
2018/9/12,17.3,8,1,21.8,8,1,12.6,8,1,0,1,8,1
2018/9/13,19.6,8,1,23.7,8,1,15.2,8,1,0,1,8,1
2018/9/14,20,8,1,26.1,8,1,13.7,8,1,0,1,8,1
2018/9/15,19,8,1,24.4,8,1,12.4,8,1,0,1,8,1
2018/9/16,20.7,8,1,24.6,8,1,16.1,8,1,0,1,8,1
2018/9/17,20.2,8,1,25.3,8,1,14,8,1,0,1,8,1
2018/9/18,17.3,8,1,23.1,8,1,12.3,8,1,0,1,8,1
2018/9/19,17.5,8,1,23.9,8,1,11.8,8,1,0,1,8,1
2018/9/20,17.1,8,1,24.7,8,1,10.9,8,1,0,1,8,1
2018/9/21,17.8,8,1,23.7,8,1,10.1,8,1,0,1,8,1
2018/9/22,17.7,8,1,19.9,8,1,16.6,8,1,0,1,8,1
2018/9/23,19.6,8,1,24.4,8,1,15.3,8,1,0,1,8,1
2018/9/24,18.8,8,1,23.8,8,1,15.9,8,1,0,1,8,1
2018/9/25,15.7,8,1,19.9,8,1,11.7,8,1,0,1,8,1
2018/9/26,15.7,8,1,21.4,8,1,9.5,8,1,0,1,8,1
2018/9/27,15.7,8,1,18.9,8,1,14.1,8,1,0,1,8,1
2018/9/28,15.3,8,1,19.7,8,1,12,8,1,0,1,8,1
2018/9/29,16.3,8,1,21.3,8,1,10.8,8,1,0,1,8,1
2018/9/30,17.6,8,1,19.7,8,1,14.7,8,1,0,1,8,1
2018/10/1,19.1,8,1,24.1,8,1,14.9,8,1,0,1,8,1
2018/10/2,17.2,8,1,21.9,8,1,12.3,8,1,0,1,8,1
2018/10/3,16.4,8,1,22.3,8,1,10.8,8,1,0,1,8,1
2018/10/4,15.1,8,1,22.2,8,1,7.7,8,1,0,1,8,1
2018/10/5,16.6,8,1,21.7,8,1,9.8,8,1,0,1,8,1
2018/10/6,15.8,8,1,17.8,8,1,13.6,8,1,0,1,8,1
2018/10/7,18.7,8,1,22.3,8,1,14.6,8,1,0,1,8,1
2018/10/8,15.8,8,1,21.5,8,1,10.9,8,1,0,1,8,1
2018/10/9,15.2,8,1,20,8,1,11.4,8,1,0,1,8,1
2018/10/10,14.2,8,1,17.2,8,1,8.1,8,1,0,1,8,1
2018/10/11,16.5,8,1,19.6,8,1,13.3,8,1,0,1,8,1
2018/10/12,13.7,8,1,17.2,5,1,10.1,8,1,0,1,8,1
2018/10/13,13.7,8,1,18.4,8,1,7.7,8,1,0,1,8,1
2018/10/14,14.8,8,1,19.5,8,1,11.2,8,1,0,1,8,1
2018/10/15,13.9,8,1,18.6,8,1,9.5,8,1,0,1,8,1
2018/10/16,13.4,8,1,19,8,1,8.4,8,1,0,1,8,1
2018/10/17,10.4,8,1,15.6,8,1,5.2,8,1,0,1,8,1
2018/10/18,10.6,8,1,16.6,8,1,5.2,8,1,0,1,8,1
2018/10/19,10.5,8,1,16.4,8,1,4.7,8,1,0,1,8,1
2018/10/20,11.9,8,1,17.7,8,1,6.4,8,1,0,1,8,1
2018/10/21,12.8,8,1,19.9,8,1,6.7,8,1,0,1,8,1
2018/10/22,13,8,1,19,8,1,6.7,8,1,0,1,8,1
2018/10/23,15.4,8,1,20.3,8,1,8,8,1,0,1,8,1
2018/10/24,15.7,8,1,20,8,1,10.1,8,1,0,1,8,1
2018/10/25,12.9,8,1,18.2,8,1,7.7,8,1,0,1,8,1
2018/10/26,14.4,8,1,18.3,8,1,9.3,8,1,0,1,8,1
2018/10/27,14.8,8,1,18.4,8,1,9.8,8,1,0,1,8,1
2018/10/28,11.1,8,1,15.8,8,1,7.3,8,1,0,1,8,1
2018/10/29,10.7,8,1,14.1,8,1,7,8,1,0,1,5,1
2018/10/30,7.9,8,1,11.4,8,1,5.2,8,1,0,1,8,1
2018/10/31,7.2,8,1,11.2,8,1,4.5,8,1,0,1,8,1
2018/11/1,8.4,8,1,14.3,8,1,3,8,1,0,1,8,1
2018/11/2,9.8,8,1,15.6,8,1,3.8,8,1,0,1,8,1
2018/11/3,11.5,8,1,17.2,8,1,6.1,8,1,0,1,8,1
2018/11/4,12,8,1,18.2,8,1,8,8,1,0,1,8,1
2018/11/5,11.6,8,1,17,8,1,6.5,8,1,0,1,8,1
2018/11/6,11.2,8,1,16.2,8,1,6.8,8,1,0,1,8,1
2018/11/7,8.6,8,1,12.7,8,1,4.1,8,1,0,1,8,1
2018/11/8,10.9,8,1,16.2,8,1,3.4,8,1,0,1,8,1
2018/11/9,14.6,8,1,16.5,8,1,13.2,8,1,0,1,8,1
2018/11/10,12.9,8,1,17.9,8,1,8,8,1,0,1,8,1
2018/11/11,9,8,1,12.7,8,1,5.3,8,1,0,1,8,1
2018/11/12,8.4,8,1,12.9,8,1,4.9,8,1,0,1,8,1
2018/11/13,6.4,8,1,12,8,1,1.7,8,1,0,1,8,1
2018/11/14,6,8,1,11.6,8,1,1.6,8,1,0,1,8,1
2018/11/15,6.9,8,1,11.9,8,1,0.5,8,1,0,1,8,1
2018/11/16,10.3,8,1,13.3,8,1,7.5,8,1,0,1,8,1
2018/11/17,5,8,1,8.8,8,1,1.6,8,1,0,1,8,1
2018/11/18,5.8,8,1,10,8,1,2.9,8,1,0,1,8,1
2018/11/19,6.2,8,1,11.4,8,1,1.2,8,1,0,1,8,1
2018/11/20,3.9,8,1,8.5,8,1,-0.8,8,1,0,1,8,1
2018/11/21,3.1,8,1,8.8,8,1,-0.3,8,1,0,1,8,1
2018/11/22,2.7,8,1,6.4,8,1,0,8,1,0,1,8,1
2018/11/23,-1.5,8,1,0.7,8,1,-3.3,8,1,4,0,8,1
2018/11/24,0.9,8,1,4.1,8,1,-2.5,8,1,1,0,8,1
2018/11/25,6.4,8,1,10.5,8,1,0.5,8,1,0,1,8,1
2018/11/26,6.2,8,1,9.9,8,1,2.2,8,1,0,1,8,1
2018/11/27,10.7,8,1,15.2,8,1,3.2,8,1,0,1,8,1
2018/11/28,5.8,8,1,10.5,8,1,1.9,8,1,0,1,8,1
2018/11/29,1.3,8,1,4.3,8,1,-2.1,8,1,0,1,8,1
2018/11/30,-0.2,8,1,1.6,8,1,-3,8,1,1,0,8,1
2018/12/1,1.5,8,1,3.6,8,1,-0.3,8,1,0,1,8,1
2018/12/2,3.4,8,1,8.5,8,1,-2.3,8,1,0,1,8,1
2018/12/3,8,8,1,12.6,8,1,2.2,8,1,0,1,8,1
2018/12/4,11.3,8,1,15.3,8,1,9.4,8,1,0,1,8,1
2018/12/5,3.2,8,1,9.6,8,1,-0.1,8,1,0,1,8,1
2018/12/6,0.5,8,1,2.1,8,1,-0.8,8,1,0,1,8,1
2018/12/7,-1.6,8,1,0.7,8,1,-5.1,8,1,15,0,8,1
2018/12/8,-5.3,8,1,-4.1,8,1,-7.9,8,1,9,0,8,1
2018/12/9,-5.7,8,1,-3.1,8,1,-8.5,8,1,9,0,8,1
2018/12/10,-4.7,8,1,-2.6,8,1,-6.4,8,1,1,0,8,1
2018/12/11,-2.9,8,1,0.1,8,1,-5.5,8,1,3,0,8,1
2018/12/12,-1.1,8,1,1.4,8,1,-4.9,8,1,1,0,8,1
2018/12/13,-1.4,8,1,2.7,8,1,-6.4,8,1,0,1,8,1
2018/12/14,-2.1,8,1,1.1,8,1,-6.7,8,1,1,0,8,1
2018/12/15,-2.5,8,1,1.5,8,1,-8.4,8,1,0,1,8,1
2018/12/16,3.7,8,1,6.5,8,1,0.4,8,1,0,1,8,1
2018/12/17,2.3,8,1,5,8,1,-0.1,8,1,0,1,8,1
2018/12/18,-0.3,8,1,1.7,8,1,-3.3,8,1,11,0,8,1
2018/12/19,1.4,8,1,4.5,8,1,-2.7,8,1,3,0,8,1
2018/12/20,0,8,1,0.9,8,1,-1.2,8,1,1,0,8,1
2018/12/21,1.9,8,1,4.5,8,1,-0.2,8,1,0,1,8,1
2018/12/22,2.8,8,1,6.9,8,1,-0.3,8,1,0,1,8,1
2018/12/23,1.7,8,1,4.9,8,1,-1.5,8,1,0,1,8,1
2018/12/24,-1.9,8,1,1.2,8,1,-3.2,8,1,4,0,8,1
2018/12/25,0,8,1,2.9,8,1,-2,8,1,1,0,8,1
2018/12/26,-0.5,8,1,2,8,1,-4.7,8,1,10,0,8,1
2018/12/27,-7,8,1,-4.7,8,1,-9,8,1,15,0,8,1
2018/12/28,-6,8,1,-3.5,8,1,-11.8,8,1,4,0,8,1
2018/12/29,-4.3,8,1,-2.4,8,1,-6.9,8,1,5,0,8,1
2018/12/30,-2.2,8,1,2,8,1,-8.7,8,1,0,1,8,1
2018/12/31,-0.3,8,1,3.1,8,1,-2.8,8,1,2,0,8,1
2019/1/1,-1.3,8,1,0.4,8,1,-4.3,8,1,7,0,8,1
2019/1/2,-4.2,8,1,-1.3,8,1,-7.3,8,1,5,0,8,1
2019/1/3,-2.8,8,1,-0.2,8,1,-8.1,8,1,0,1,8,1
2019/1/4,0.8,8,1,2.8,8,1,-1.7,8,1,0,1,8,1
2019/1/5,-2.6,8,1,0.6,8,1,-7.6,8,1,1,0,8,1
2019/1/6,-3.3,8,1,-0.2,8,1,-7.6,8,1,0,1,8,1
2019/1/7,-4.6,8,1,-0.9,8,1,-8.2,8,1,1,0,8,1
2019/1/8,-4,8,1,-1.2,8,1,-7.5,8,1,3,0,8,1
2019/1/9,-1.9,8,1,1.5,8,1,-6.7,8,1,3,0,8,1
2019/1/10,1.9,8,1,4.9,8,1,-1.1,8,1,5,0,8,1
2019/1/11,-2.1,8,1,0.8,8,1,-6.5,8,1,1,0,8,1
2019/1/12,-1.6,8,1,2.1,8,1,-5.8,8,1,0,1,8,1
2019/1/13,-3.1,8,1,1.2,8,1,-7,8,1,0,1,8,1
2019/1/14,-1.6,8,1,2.1,8,1,-5.5,8,1,0,1,8,1
2019/1/15,1.1,8,1,5.5,8,1,-3.9,8,1,2,0,8,1
2019/1/16,-2.8,8,1,-0.4,8,1,-4.3,8,1,13,0,8,1
2019/1/17,-5.6,8,1,-1.7,8,1,-10,8,1,12,0,8,1
2019/1/18,-4.9,8,1,-2.7,8,1,-9.4,8,1,5,0,8,1
2019/1/19,-2.8,8,1,1.2,8,1,-8.6,8,1,0,1,8,1
2019/1/20,-2,8,1,0.9,8,1,-5.5,8,1,0,1,8,1
2019/1/21,-5.9,8,1,-4.1,8,1,-7.5,8,1,8,0,8,1
2019/1/22,-4.2,8,1,-0.1,8,1,-7.8,8,1,3,0,8,1
2019/1/23,-1.8,8,1,2.6,8,1,-5.2,8,1,9,0,8,1
2019/1/24,-2.9,8,1,0.4,8,1,-5.2,8,1,20,0,8,1
2019/1/25,-3.6,8,1,1.7,8,1,-8.8,8,1,0,1,8,1
2019/1/26,-2.8,8,1,2.3,8,1,-8.5,8,1,0,1,8,1
2019/1/27,-1.1,8,1,1.7,8,1,-5,8,1,0,1,8,1
2019/1/28,0.5,8,1,3.3,8,1,-2.6,8,1,2,0,8,1
2019/1/29,-0.2,8,1,2.3,8,1,-4.9,8,1,0,1,8,1
2019/1/30,-0.5,8,1,4.2,8,1,-7.2,8,1,0,1,8,1
2019/1/31,-2.7,8,1,4.5,8,1,-6.9,8,1,2,0,8,1
2019/2/1,-6.3,8,1,-5,8,1,-7.6,8,1,5,0,8,1
2019/2/2,-3.3,8,1,-2.1,8,1,-5.1,8,1,0,1,8,1
2019/2/3,1.1,8,1,4.5,8,1,-6,8,1,0,1,8,1
2019/2/4,-0.6,8,1,4.4,8,1,-5.9,8,1,3,0,8,1
2019/2/5,-2.6,8,1,2.1,8,1,-6.7,8,1,2,0,8,1
2019/2/6,-0.5,8,1,1.7,8,1,-2.1,8,1,4,0,8,1
2019/2/7,-4.1,8,1,-1.9,8,1,-8.8,8,1,6,0,8,1
2019/2/8,-10.9,8,1,-8.8,8,1,-13.6,8,1,2,0,8,1
2019/2/9,-8.5,8,1,-4.5,8,1,-14.1,8,1,2,0,8,1
2019/2/10,-7.2,8,1,-3.2,8,1,-12.4,8,1,0,1,8,1
2019/2/11,-4.2,8,1,-0.7,8,1,-7.7,8,1,0,1,8,1
2019/2/12,-5.6,8,1,-2.8,8,1,-8,8,1,3,0,8,1
2019/2/13,-6.2,8,1,-3.4,8,1,-8.4,8,1,2,0,8,1
2019/2/14,-6.3,8,1,-2,8,1,-11.9,8,1,0,1,8,1
2019/2/15,-2.6,8,1,1,8,1,-7.2,8,1,0,1,8,1
2019/2/16,-1.3,8,1,2.5,8,1,-4.4,8,1,6,0,8,1
2019/2/17,0.5,8,1,1.7,8,1,-1.4,8,1,0,1,8,1
2019/2/18,1,8,1,3.9,8,1,-3.2,8,1,0,1,8,1
2019/2/19,2.4,8,1,6.5,8,1,-3.4,8,1,0,1,8,1
2019/2/20,3,8,1,6.6,8,1,0.6,8,1,0,1,8,1
2019/2/21,1.7,8,1,5.2,8,1,-1.9,8,1,0,1,8,1
2019/2/22,1.8,8,1,7.5,8,1,-3,8,1,0,1,8,1
2019/2/23,-0.5,8,1,4.5,8,1,-4.3,8,1,1,0,8,1
2019/2/24,2.4,8,1,6.7,8,1,-5.2,8,1,0,1,8,1
2019/2/25,4.4,8,1,7.9,8,1,-1.2,8,1,0,1,8,1
2019/2/26,-0.5,8,1,4.2,8,1,-4.7,8,1,1,0,8,1
2019/2/27,0.2,8,1,4.7,8,1,-4.2,8,1,0,1,8,1
2019/2/28,1.7,8,1,6.1,8,1,-1.7,8,1,0,1,8,1
2019/3/1,3.1,8,1,7.3,8,1,-1.2,8,1,0,1,8,1
2019/3/2,1.3,8,1,5.4,8,1,-2.8,8,1,0,1,8,1
2019/3/3,2.9,8,1,8.9,8,1,-3.4,8,1,0,1,8,1
2019/3/4,3.9,8,1,8.5,8,1,0,8,1,0,1,8,1
2019/3/5,2.9,8,1,9,8,1,-1.8,8,1,0,1,8,1
2019/3/6,4,8,1,9.8,8,1,0.1,8,1,0,1,8,1
2019/3/7,1.8,8,1,5,8,1,-1,8,1,0,1,8,1
2019/3/8,1.3,8,1,5.2,8,1,-2.3,8,1,0,1,8,1
2019/3/9,6.7,8,1,11.2,8,1,-1,8,1,0,1,8,1
2019/3/10,6.2,8,1,10.6,8,1,2.2,8,1,0,1,8,1
2019/3/11,3.3,8,1,5.1,8,1,1.7,8,1,0,1,8,1
2019/3/12,3.3,8,1,5.7,8,1,-0.1,8,1,0,1,8,1
2019/3/13,1.5,8,1,5.7,8,1,-1.2,8,1,0,1,8,1
2019/3/14,0.9,8,1,5.3,8,1,-4.2,8,1,3,0,8,1
2019/3/15,3.1,8,1,7.2,8,1,-1.8,8,1,0,1,8,1
2019/3/16,3.4,8,1,7.1,8,1,0.4,8,1,0,1,8,1
2019/3/17,1.6,8,1,6.4,8,1,-2.7,8,1,0,1,8,1
2019/3/18,5.1,8,1,10.3,8,1,-1.9,8,1,0,1,8,1
2019/3/19,8.6,8,1,12.2,8,1,4.8,8,1,0,1,8,1
2019/3/20,9,8,1,14.1,8,1,2.8,8,1,0,1,8,1
2019/3/21,7.2,8,1,10.7,8,1,4.7,8,1,0,1,8,1
2019/3/22,3.1,8,1,8.5,8,1,-1.2,8,1,0,1,8,1
2019/3/23,-0.9,8,1,3.4,8,1,-4.5,8,1,0,1,8,1
2019/3/24,-0.7,8,1,1.5,8,1,-3.3,8,1,4,0,8,1
2019/3/25,5.5,8,1,10.9,8,1,-0.1,8,1,0,1,8,1
2019/3/26,4.7,8,1,9.8,8,1,0,8,1,0,1,8,1
2019/3/27,2.8,8,1,5.9,8,1,0.4,8,1,0,1,8,1
2019/3/28,0.6,8,1,3.9,8,1,-2.5,8,1,0,1,8,1
2019/3/29,0.1,8,1,4.9,8,1,-4.3,8,1,0,1,8,1
2019/3/30,1,8,1,5.5,8,1,-5.2,8,1,0,1,8,1
2019/3/31,0.4,8,1,2.1,8,1,-0.7,8,1,4,0,8,1
2019/4/1,1.7,8,1,7.4,8,1,-2.9,8,1,1,0,8,1
2019/4/2,0.7,8,1,4.7,8,1,-1.5,8,1,7,0,8,1
2019/4/3,1.8,8,1,7.4,8,1,-3,8,1,1,0,8,1
2019/4/4,3.8,8,1,10.6,8,1,-1.4,8,1,0,1,8,1
2019/4/5,5.3,8,1,9.6,8,1,2.8,8,1,0,1,8,1
2019/4/6,5.1,8,1,9.4,8,1,2.6,8,1,0,1,8,1
2019/4/7,5.2,8,1,10.3,8,1,1.4,8,1,0,1,8,1
2019/4/8,4.5,8,1,9.7,8,1,0.1,8,1,0,1,8,1
2019/4/9,5.5,8,1,11.1,8,1,-0.6,8,1,0,1,8,1
2019/4/10,6.8,8,1,12.1,8,1,0.9,8,1,0,1,8,1
2019/4/11,6,8,1,10.8,8,1,1.6,8,1,0,1,8,1
2019/4/12,6.4,8,1,12.7,8,1,-1,8,1,0,1,8,1
2019/4/13,7.7,8,1,14.1,8,1,0.2,8,1,0,1,8,1
2019/4/14,10,8,1,15.3,8,1,4.6,8,1,0,1,8,1
2019/4/15,8.8,8,1,11.6,8,1,6.5,8,1,0,1,8,1
2019/4/16,10.3,8,1,15,8,1,6.3,8,1,0,1,8,1
2019/4/17,13.1,8,1,19.9,8,1,5.7,8,1,0,1,8,1
2019/4/18,13.2,8,1,19.4,8,1,6.1,8,1,0,1,8,1
2019/4/19,8.5,8,1,14.6,8,1,1.8,8,1,0,1,8,1
2019/4/20,7.4,8,1,12.8,8,1,1.6,8,1,0,1,8,1
2019/4/21,9,8,1,15,8,1,2,8,1,0,1,8,1
2019/4/22,12.3,8,1,18.5,8,1,6.2,8,1,0,1,8,1
2019/4/23,10.5,8,1,16.1,8,1,3.2,8,1,0,1,8,1
2019/4/24,14.5,8,1,21.1,8,1,6.8,8,1,0,1,8,1
2019/4/25,11.1,8,1,15.7,8,1,4.9,8,1,0,1,8,1
2019/4/26,4.4,8,1,8.1,8,1,1.5,8,1,0,1,8,1
2019/4/27,3.8,8,1,5.8,8,1,1.7,8,1,0,1,8,1
2019/4/28,8,8,1,13.3,8,1,1.5,8,1,0,1,8,1
2019/4/29,11.1,8,1,18,8,1,4.9,8,1,0,1,8,1
2019/4/30,11.7,8,1,18.9,8,1,4.6,8,1,0,1,8,1
2019/5/1,11.7,8,1,15.5,8,1,10.6,8,1,0,1,8,1
2019/5/2,9.4,8,1,12.6,8,1,6.4,8,1,0,1,8,1
2019/5/3,11.6,8,1,17.4,8,1,7.4,8,1,0,1,8,1
2019/5/4,12.2,8,1,18.8,8,1,5.1,8,1,0,1,8,1
2019/5/5,13.4,8,1,20,8,1,6.3,8,1,0,1,8,1
2019/5/6,13.9,8,1,21.9,8,1,7.8,8,1,0,1,8,1
2019/5/7,11.2,8,1,15.9,8,1,7.5,8,1,0,1,8,1
2019/5/8,11.1,8,1,15.5,8,1,7,8,1,0,1,8,1
2019/5/9,13.4,8,1,17.9,8,1,7.4,8,1,0,1,8,1
2019/5/10,13.1,8,1,18.7,8,1,8.7,8,1,0,1,8,1
2019/5/11,10,8,1,14.1,8,1,5.4,8,1,0,1,8,1
2019/5/12,9.6,8,1,14.4,8,1,3.3,8,1,0,1,8,1
2019/5/13,11.8,8,1,17.3,8,1,5.4,8,1,0,1,8,1
2019/5/14,14.1,8,1,21.8,8,1,6.8,8,1,0,1,8,1
2019/5/15,14,8,1,19.3,8,1,10.1,8,1,0,1,8,1
2019/5/16,12.5,8,1,16.8,8,1,9.4,8,1,0,1,8,1
2019/5/17,11.6,8,1,15.7,8,1,8.8,8,1,0,1,8,1
2019/5/18,13.7,8,1,18.2,8,1,10,8,1,0,1,8,1
2019/5/19,16,8,1,21.6,8,1,10.6,8,1,0,1,8,1
2019/5/20,18.3,8,1,25.6,8,1,10.9,8,1,0,1,8,1
2019/5/21,15.9,8,1,18.5,8,1,12,8,1,0,1,8,1
2019/5/22,16.1,8,1,21.2,8,1,9.7,8,1,0,1,8,1
2019/5/23,17.4,8,1,23.3,8,1,12.8,8,1,0,1,8,1
2019/5/24,16.6,8,1,23.2,8,1,10.8,8,1,0,1,8,1
2019/5/25,18.3,8,1,25.6,8,1,10.8,8,1,0,1,8,1
2019/5/26,21.8,8,1,28,8,1,15.6,8,1,0,1,8,1
2019/5/27,21.2,8,1,27.4,8,1,13.3,8,1,0,1,8,1
2019/5/28,17,8,1,21.7,8,1,11.5,8,1,0,1,8,1
2019/5/29,14.5,8,1,20,8,1,10.2,8,1,0,1,8,1
2019/5/30,17.5,8,1,24.4,8,1,12.2,8,1,0,1,8,1
2019/5/31,16.5,8,1,21.9,8,1,13.2,8,1,0,1,8,1
2019/6/1,16.2,8,1,21,8,1,10.4,8,1,0,1,8,1
2019/6/2,17.1,8,1,22.3,8,1,12.1,8,1,0,1,8,1
2019/6/3,16.9,8,1,22.1,8,1,11.3,8,1,0,1,8,1
2019/6/4,17.4,8,1,22.5,8,1,11.8,8,1,0,1,8,1
2019/6/5,17.5,8,1,22.2,8,1,14.8,8,1,0,1,8,1
2019/6/6,16.6,8,1,20,8,1,14.3,8,1,0,1,8,1
2019/6/7,17.3,8,1,21.7,8,1,13.9,8,1,0,1,8,1
2019/6/8,16.7,8,1,21.4,8,1,14,8,1,0,1,8,1
2019/6/9,16.5,8,1,20.3,8,1,12.7,8,1,0,1,8,1
2019/6/10,15.1,8,1,19.8,8,1,12.3,8,1,0,1,8,1
2019/6/11,15.3,8,1,19.6,8,1,12,8,1,0,1,8,1
2019/6/12,15.7,8,1,20.2,8,1,10.9,8,1,0,1,8,1
2019/6/13,17.4,8,1,23.2,8,1,12.2,8,1,0,1,8,1
2019/6/14,18,8,1,23.8,8,1,11.3,8,1,0,1,8,1
2019/6/15,17.8,8,1,25.2,8,1,14.2,8,1,0,1,8,1
2019/6/16,16.3,8,1,19.6,8,1,14.1,8,1,0,1,8,1
2019/6/17,13.6,8,1,18.3,8,1,8.5,8,1,0,1,8,1
2019/6/18,14.9,8,1,20.6,8,1,8.3,8,1,0,1,8,1
2019/6/19,17,8,1,22.2,8,1,10.1,8,1,0,1,8,1
2019/6/20,17.3,8,1,22.5,8,1,13,8,1,0,1,8,1
2019/6/21,18,8,1,21,8,1,15.6,8,1,0,1,8,1
2019/6/22,17.5,8,1,19.6,8,1,16,8,1,0,1,8,1
2019/6/23,16.3,8,1,19.6,8,1,14.9,8,1,0,1,8,1
2019/6/24,17.7,8,1,22.5,8,1,14.4,8,1,0,1,8,1
2019/6/25,18.7,8,1,23.7,8,1,13.7,8,1,0,1,8,1
2019/6/26,19.6,8,1,24.5,8,1,15.1,8,1,0,1,8,1
2019/6/27,20.3,8,1,24.2,8,1,15.4,8,1,0,1,8,1
2019/6/28,17,8,1,19.3,8,1,13.7,8,1,0,1,8,1
2019/6/29,15.5,8,1,17.5,8,1,13.7,8,1,0,1,8,1
2019/6/30,16.1,8,1,17.5,8,1,15.2,8,1,0,1,8,1
2019/7/1,17,8,1,19.2,8,1,15.1,8,1,0,1,8,1
2019/7/2,19.2,8,1,23.6,8,1,17.2,8,1,0,1,8,1
2019/7/3,19.4,8,1,23.7,8,1,16.5,8,1,0,1,8,1
2019/7/4,17.3,8,1,18.9,8,1,16.4,8,1,0,1,8,1
2019/7/5,18.2,8,1,21.9,8,1,16,8,1,0,1,8,1
2019/7/6,18.3,8,1,20.7,8,1,16.3,8,1,0,1,8,1
2019/7/7,17.8,8,1,20,8,1,16.3,8,1,0,1,8,1
2019/7/8,18,8,1,22.2,8,1,14.7,8,1,0,1,8,1
2019/7/9,18.1,8,1,23.2,8,1,13.7,8,1,0,1,8,1
2019/7/10,18.3,8,1,24.2,8,1,12.6,8,1,0,1,8,1
2019/7/11,18.6,8,1,23,8,1,15.6,8,1,0,1,8,1
2019/7/12,17.8,8,1,20.5,8,1,16.7,8,1,0,1,8,1
2019/7/13,19.9,8,1,23.1,8,1,17.8,8,1,0,1,8,1
2019/7/14,20,8,1,24.9,8,1,16.4,8,1,0,1,8,1
2019/7/15,19.3,8,1,23.5,8,1,17,8,1,0,1,8,1
2019/7/16,18,8,1,20,8,1,15.9,8,1,0,1,8,1
2019/7/17,20.4,8,1,24.4,8,1,16.5,8,1,0,1,8,1
2019/7/18,21.7,8,1,26.1,8,1,18.8,8,1,0,1,8,1
2019/7/19,20.5,8,1,23.3,8,1,18.5,8,1,0,1,8,1
2019/7/20,21,8,1,24.6,8,1,17.5,8,1,0,1,8,1
2019/7/21,19.4,8,1,23.1,8,1,17.8,8,1,0,1,8,1
2019/7/22,19.5,8,1,22.4,8,1,18.2,8,1,0,1,8,1
2019/7/23,20,8,1,23.2,8,1,18.2,8,1,0,1,8,1
2019/7/24,22.5,8,1,27.3,8,1,18.7,8,1,0,1,8,1
2019/7/25,24.1,8,1,28.3,8,1,21.1,8,1,0,1,8,1
2019/7/26,24.3,8,1,27.4,8,1,22.5,8,1,0,1,8,1
2019/7/27,25.3,8,1,27.6,8,1,23.3,8,1,0,1,8,1
2019/7/28,25.6,8,1,29.8,8,1,22.9,8,1,0,1,8,1
2019/7/29,25,8,1,27.8,8,1,23,8,1,0,1,8,1
2019/7/30,26,8,1,29.7,8,1,23.4,8,1,0,1,8,1
2019/7/31,26.4,8,1,29.9,8,1,24.1,8,1,0,1,8,1
2019/8/1,26.1,8,1,29.4,8,1,24,8,1,0,1,8,1
2019/8/2,26.2,8,1,30.2,8,1,22.7,8,1,0,1,8,1
2019/8/3,25.3,8,1,30,8,1,21.1,8,1,0,1,8,1
2019/8/4,24.6,8,1,30.1,8,1,19.9,8,1,0,1,8,1
2019/8/5,24.1,8,1,28.4,8,1,20.8,8,1,0,1,8,1
2019/8/6,25.6,8,1,31.1,8,1,20.2,8,1,0,1,8,1
2019/8/7,25.1,8,1,28.8,8,1,21.2,8,1,0,1,8,1
2019/8/8,25,8,1,29.4,8,1,22.9,8,1,0,1,8,1
2019/8/9,24.8,8,1,29,8,1,18.5,8,1,0,1,8,1
2019/8/10,18.2,8,1,19.1,8,1,17.2,8,1,0,1,8,1
2019/8/11,18.7,8,1,19.8,8,1,17.8,8,1,0,1,8,1
2019/8/12,22.1,8,1,26.1,8,1,19.1,8,1,0,1,8,1
2019/8/13,24.3,8,1,28.8,8,1,20.7,8,1,0,1,8,1
2019/8/14,19.6,8,1,20.9,8,1,18.9,8,1,0,1,8,1
2019/8/15,21.9,8,1,23.6,8,1,19.4,8,1,0,1,8,1
2019/8/16,25.5,8,1,28.7,8,1,23.5,8,1,0,1,8,1
2019/8/17,24.8,8,1,28.7,8,1,20.6,8,1,0,1,8,1
2019/8/18,24.4,8,1,30.1,8,1,19.2,8,1,0,1,8,1
2019/8/19,22.9,8,1,26.7,8,1,20.3,8,1,0,1,8,1
2019/8/20,20.4,8,1,21.5,8,1,19.7,8,1,0,1,8,1
2019/8/21,20.3,8,1,21.5,8,1,19.6,8,1,0,1,8,1
2019/8/22,19.7,8,1,20.8,8,1,18.8,8,1,0,1,8,1
2019/8/23,20.4,8,1,23,8,1,18.6,8,1,0,1,8,1
2019/8/24,21.5,8,1,25.7,8,1,17.6,8,1,0,1,8,1
2019/8/25,19.3,8,1,24,8,1,15.7,8,1,0,1,8,1
2019/8/26,19.1,8,1,24.6,8,1,12.9,8,1,0,1,8,1
2019/8/27,21,8,1,26.2,8,1,15.7,8,1,0,1,8,1
2019/8/28,21.9,8,1,23.8,8,1,21,8,1,0,1,8,1
2019/8/29,22.4,8,1,27.2,8,1,18.4,8,1,0,1,8,1
2019/8/30,21.4,8,1,26.8,8,1,17.8,8,1,0,1,8,1
2019/8/31,23.4,8,1,28.1,8,1,19.4,8,1,0,1,8,1
2019/9/1,22,8,1,27.3,8,1,17.6,8,1,0,1,8,1
2019/9/2,21.9,8,1,27,8,1,17.5,8,1,0,1,8,1
2019/9/3,21,8,1,25.8,8,1,15.2,8,1,0,1,8,1
2019/9/4,19.6,8,1,25.3,8,1,12.8,8,1,0,1,8,1
2019/9/5,21.1,8,1,26.3,8,1,15.7,8,1,0,1,8,1
2019/9/6,23.4,8,1,27.4,8,1,18.8,8,1,0,1,8,1
2019/9/7,25.4,8,1,30.3,8,1,22.5,8,1,0,1,8,1
2019/9/8,25,8,1,28.8,8,1,21.1,8,1,0,1,8,1
2019/9/9,26.4,8,1,30.6,8,1,23.3,8,1,0,1,8,1
2019/9/10,25,8,1,30.6,8,1,18.7,8,1,0,1,8,1
2019/9/11,17.9,8,1,20.3,8,1,14.4,8,1,0,1,8,1
2019/9/12,18.7,8,1,24,8,1,14.1,8,1,0,1,8,1
2019/9/13,18.1,8,1,23.8,8,1,12.3,8,1,0,1,8,1
2019/9/14,21.2,8,1,25.5,8,1,15.9,8,1,0,1,8,1
2019/9/15,21.4,8,1,24.4,8,1,18.6,8,1,0,1,8,1
2019/9/16,22.9,8,1,25.9,8,1,20.5,8,1,0,1,8,1
2019/9/17,20.8,8,1,26.6,8,1,15.2,8,1,0,1,8,1
2019/9/18,18.9,8,1,23.6,8,1,14.3,8,1,0,1,8,1
2019/9/19,15,8,1,19.1,8,1,9.9,8,1,0,1,8,1
2019/9/20,16,8,1,21,8,1,11.1,8,1,0,1,8,1
2019/9/21,15.7,8,1,21.3,8,1,9.8,8,1,0,1,8,1
2019/9/22,17.7,8,1,22.3,8,1,14,8,1,0,1,8,1
2019/9/23,17.5,8,1,19.9,8,1,15.9,8,1,0,1,8,1
2019/9/24,18.2,8,1,23,8,1,11.5,8,1,0,1,8,1
2019/9/25,13.9,8,1,19.9,8,1,8.6,8,1,0,1,8,1
2019/9/26,15.8,8,1,23.4,8,1,7.9,8,1,0,1,8,1
2019/9/27,18.2,8,1,24.5,8,1,13.7,8,1,0,1,8,1
2019/9/28,18.3,8,1,23.5,8,1,12.9,8,1,0,1,8,1
2019/9/29,18.1,8,1,22.4,8,1,13.6,8,1,0,1,8,1
2019/9/30,19.7,8,1,24.8,8,1,14.8,8,1,0,1,8,1
2019/10/1,18.1,8,1,24.8,8,1,11.9,8,1,0,1,8,1
2019/10/2,19.3,8,1,24.9,8,1,13.8,8,1,0,1,8,1
2019/10/3,20.1,8,1,23.6,8,1,15.6,8,1,0,1,8,1
2019/10/4,20.1,8,1,23.5,8,1,17.7,8,1,0,1,8,1
2019/10/5,17.2,8,1,20.9,8,1,12.9,8,1,0,1,8,1
2019/10/6,13.4,8,1,18.7,8,1,8.8,8,1,0,1,8,1
2019/10/7,15.8,8,1,19.7,8,1,9.7,8,1,0,1,8,1
2019/10/8,16.4,8,1,19.1,8,1,12.4,8,1,0,1,8,1
2019/10/9,13.2,8,1,17.7,8,1,9.3,8,1,0,1,8,1
2019/10/10,15.4,8,1,20.4,8,1,9.5,8,1,0,1,8,1
2019/10/11,17.2,8,1,20.3,8,1,13.9,8,1,0,1,8,1
2019/10/12,15,8,1,16.8,8,1,13.2,8,1,0,1,8,1
2019/10/13,12.2,8,1,16.6,8,1,6.6,8,1,0,1,8,1
2019/10/14,11.9,8,1,17.3,8,1,5.6,8,1,0,1,8,1
2019/10/15,9.4,8,1,14.1,8,1,4.7,8,1,0,1,8,1
2019/10/16,10.6,8,1,16.1,8,1,4.3,8,1,0,1,8,1
2019/10/17,9,8,1,14.8,8,1,4.3,8,1,0,1,8,1
2019/10/18,9.7,8,1,15.2,8,1,2.2,8,1,0,1,8,1
2019/10/19,14.9,8,1,16.2,8,1,13.3,8,1,0,1,8,1
2019/10/20,14,8,1,19.3,8,1,9.6,8,1,0,1,8,1
2019/10/21,13.4,8,1,18.6,8,1,8.2,8,1,0,1,8,1
2019/10/22,15.2,8,1,19.1,8,1,10.4,8,1,0,1,8,1
2019/10/23,15.2,8,1,21.6,8,1,9,8,1,0,1,8,1
2019/10/24,13.6,8,1,18.6,8,1,7.1,8,1,0,1,8,1
2019/10/25,15.1,8,1,16.3,8,1,13.8,8,1,0,1,8,1
2019/10/26,14.6,8,1,15.7,8,1,12.7,8,1,0,1,8,1
2019/10/27,10.6,8,1,13.8,8,1,5.3,8,1,0,1,8,1
2019/10/28,9.2,8,1,16.1,8,1,3.5,8,1,0,1,8,1
2019/10/29,12.3,8,1,18.2,8,1,4.9,8,1,0,1,8,1
2019/10/30,11.8,8,1,15.6,8,1,8,8,1,0,1,8,1
2019/10/31,13.3,8,1,17.5,8,1,7.4,8,1,0,1,8,1
2019/11/1,11.9,8,1,16.1,8,1,9.5,8,1,0,1,8,1
2019/11/2,11.6,8,1,14.3,8,1,9.5,8,1,0,1,8,1
2019/11/3,7.5,8,1,12.1,8,1,1.8,8,1,0,1,8,1
2019/11/4,6.2,8,1,12.2,8,1,1.2,8,1,0,1,8,1
2019/11/5,7.1,8,1,12,8,1,0.4,8,1,0,1,5,1
2019/11/6,6.6,8,1,9.8,8,1,1.6,8,1,0,1,8,1
2019/11/7,4.9,8,1,8.2,8,1,1.1,8,1,0,1,8,1
2019/11/8,4.7,8,1,7.4,8,1,2.7,8,1,0,1,8,1
2019/11/9,3.9,8,1,6.1,8,1,1.4,8,1,0,1,8,1
2019/11/10,4.7,8,1,9.2,8,1,1.7,8,1,0,1,8,1
2019/11/11,9.3,8,1,14.5,8,1,1.4,8,1,0,1,8,1
2019/11/12,9.4,8,1,13.4,8,1,3.4,8,1,0,1,8,1
2019/11/13,9.5,8,1,15.2,8,1,1.7,8,1,0,1,8,1
2019/11/14,4.5,8,1,14.9,8,1,-2.4,8,1,1,0,8,1
2019/11/15,1.9,8,1,4,8,1,-1,8,1,0,1,8,1
2019/11/16,3.6,8,1,5.7,8,1,1.5,8,1,0,1,8,1
2019/11/17,1.5,8,1,4.3,8,1,-1.5,8,1,0,1,8,1
2019/11/18,6.5,8,1,10.9,8,1,-1,8,1,0,1,8,1
